<?xml version='1.0' encoding='utf-8'?>
<!DOCTYPE hibernate-configuration PUBLIC
"-//Hibernate/Hibernate Configuration DTD//EN"
"http://hibernate.sourceforge.net/hibernate-configuration-3.0.dtd">

<hibernate-configuration>
<session-factory>
      <property name="hibernate.connection.driver_class">org.apache.derby.jdbc.EmbeddedDriver</property>
      <property name="hibernate.connection.url">jdbc:derby:c:/db/Dldb</property>
      <property name="hibernate.connection.username"></property>
      <property name="hibernate.connection.password"></property>
      
      <property name="hibernate.connection.pool_size">10</property>
      <property name="show_sql">true</property>
      <property name="dialect">org.hibernate.dialect.DerbyDialect</property>
      <property name="hibernate.hbm2ddl.auto">update</property>
      <!-- Mapping files -->
      <mapping class="com.myassessment.entity.MyWebEntity"/>
     
</session-factory>
</hibernate-configuration>






